ID,Variance,Skewness,Curtosis,Entropy,Flag
1250,6244.009786352059,-1.5891513175814589,2.351110969413659,14.906088819838862,0
1251,4899.270540699262,-1.9685548223177312,4.009797864288857,14.920608486697873,0
1252,3144.8819397525563,-0.9529434554290922,0.38311365893985183,14.896628878774912,0
1253,4357.782088484722,-1.1470817805387905,0.6804863619595958,14.938321574541876,0
1254,789.8964295502183,-0.6704714847752811,-0.4402843119038584,14.833024629374721,0
1255,3123.2232785186693,-2.090399021102459,4.3909458678823565,14.938536586926448,0
1256,6271.503934898896,-1.5099431408186208,1.6490295701701365,14.899968734466466,0
1257,737.8182693633365,-0.12234701441703077,-0.3920332991292055,14.825273830054712,0
1258,2612.783418798445,-0.09324843489098052,-1.158844248325463,14.907375140574754,0
1259,3121.3552891773184,-2.674233855542574,8.378228355432231,14.936945617729041,0
1260,5237.190665554943,-1.3039115013892664,1.6267570506287337,14.909735889939835,0
1261,6923.8177509295565,-2.17865813403165,4.178986982256534,14.913383294130943,0
1262,4734.866352741064,-1.6378210618003128,2.372471685415781,14.935979565267258,0
1263,2933.1441880892753,-0.7302962399320041,-0.1804580856501401,14.875084768635775,0
1264,11119.442833381996,-0.8820191214927869,-0.1960790637979848,14.863826123102543,0
1265,495.38450301762526,-1.0269490484787718,0.6022850681171925,14.902687262872286,0
1266,10055.119391778999,-0.9337345038881149,-0.2906538562272609,14.863540067693892,0
1267,3649.951521214583,-0.5990469425854498,0.020988705229274096,14.882977379380407,0
1268,1308.3599700045438,-0.01171221304786095,-1.0344531571848063,14.90354759096252,0
1269,3628.9020500400834,-1.1659490713184353,1.6652738235442168,14.888976391486567,0
1270,5551.740237310178,-0.6171887489851836,-0.3647043001508141,14.87975836791282,0
1271,9747.977835004525,-1.2619154949129985,0.7344667646622485,14.881926870252206,0
1272,390.83091556307977,-1.171921297248536,1.6386945107884925,14.919291649204318,0
1273,2587.5270019788436,-1.4985756697194987,3.355577547133236,14.954864144932403,0
1274,10558.671036018519,-0.9252156727581251,-0.10995708418971706,14.880931264365241,0
1275,3489.3647561825014,-0.623089359546218,0.015743531590528992,14.886465855643939,0
1276,5239.8069036804045,-1.5839335091892175,2.662628643801977,14.918075153965107,0
1277,2944.885774545076,-1.301298996640147,2.0752406341379412,14.893575666112115,0
1278,677.8000093198127,-4.294288884328828,20.01338704758532,14.960095913705283,0
1279,6341.278847822489,-0.788222762037921,-0.14232837776430873,14.941593878970535,0
1280,1161.2808857538562,-0.8288717366081584,0.2261167071367396,14.87055379326517,0
1281,1199.157024562369,-0.3114473007104237,-0.7966749008483545,14.90978130402996,0
1282,6544.558066935102,-1.776224377953034,3.414309336916185,14.911084203711077,0
1283,4579.0020246748645,-0.7209103696012106,-0.42257943563192946,14.886743869741206,0
1284,502.7708738684616,-0.9554823151020082,0.2801152388031469,14.9009072778414,0
1285,7484.696229483399,-1.6438292911036654,2.585202162168893,14.908074600106817,0
1286,10886.166117049523,-1.359100443288879,0.682124160637926,14.887791024625985,0
1287,8633.1132480549,-1.1568318621936833,0.8593897652421894,14.893826839486875,0
1288,258.72182373067056,-0.0016488820797879227,-0.7639742505676757,14.803029985714675,0
1289,3958.822266330415,-0.8898585490895587,0.5458661606162658,14.886995547678868,0
1290,6412.074263605165,-1.1409611966473705,1.3890357137460692,14.907838877879792,0
1291,7495.868600870101,-1.8304569888101816,2.829620159154609,14.911261264952332,0
1292,982.9190253541911,-0.4791183523714053,-0.8277229065419616,14.824642413111626,0
1293,865.9852249614718,-2.6301722750095937,7.195108554887879,14.959690968316403,0
1294,7361.787610469964,-1.5194609409785322,1.7694634868686032,14.912492503931345,0
1295,917.805550126949,-0.8128203552533994,0.6355341238302397,14.927799209206379,0
1296,2729.23475066803,-0.9098588851402856,1.4466396914179551,14.954418679526302,0
1297,414.68910572992144,-1.1979743045706264,1.284607888373464,14.910048967513875,0
1298,4152.250571766415,-1.353557499762504,1.3797550023230611,14.939677496468088,0
1299,2791.0129777752513,-0.4606577836554929,-0.38932244050505105,14.917526032859064,0
1300,1155.8446041921493,-0.7387139195528301,0.13545121564434925,14.873647378650316,0
1301,6923.745038410652,-1.580460125183823,2.1797391258090446,14.905200616686482,0
1302,7396.64629320635,-1.1972115544314725,0.7068733072552722,14.888249786495813,0
1303,3762.044580575002,-1.0564651636044253,0.5148526420001547,14.893054414474621,0
1304,8899.596503563238,-1.238825301287088,0.9580689304524546,14.896710547127828,0
1305,3588.3927793376442,-1.095373647804512,2.059476081041577,14.94941456169769,0
1306,4718.389370100901,-0.7635341508129727,-0.36317696736267147,14.885860746416393,0
1307,4942.883539949417,-0.613697294876563,-0.135399611077895,14.93139807139433,0
1308,3862.2041961258287,-1.5370425038976099,3.3441857818017366,14.939649371070127,0
1309,4873.956637106021,-0.9135200778220226,0.8060797652420155,14.884545583462327,0
1310,871.6434145269404,-3.980607401267031,16.931403048102037,14.959655087951774,0
1311,4944.4419912406565,-0.683026784723506,0.13544774579414076,14.885241680655735,0
1312,4206.718913022554,-1.2031372483554892,0.9888906436376717,14.939256704540284,0
1313,7155.046824904974,-1.1705277748016476,0.8479740529494304,14.938999229919183,0
1314,1259.8259565951578,-0.23366102453882132,-0.8993400118461903,14.90674255573573,0
1315,8789.136713771213,-1.4043478793551125,1.2474821659396413,14.895904705139266,0
1316,6034.883845930599,-1.3316450825073296,1.4864612088002138,14.918139509580158,0
1317,5464.768869817251,-2.1057625432856244,4.600011925904178,14.927584499513106,0
1318,5219.887982275426,-2.5586788118079613,6.517612849295938,14.92828260240103,0
1319,2123.171501452934,-0.6210296383468653,-0.16615718476065489,14.917512841064468,0
1320,2765.7613274828745,-0.49124828669503856,-0.521360114843616,14.917710101114984,0
1321,4263.362862909728,-1.6176471986846275,2.4189189020075093,14.938519083535525,0
1322,973.7135165456892,-0.34134053471758824,-0.6351104613749081,14.833346876496744,0
1323,7628.1914536635795,-1.0089107149939207,0.4854259723306389,14.888843892925124,0
1324,3463.178028853303,-0.9138703217686174,1.4716878016645056,14.949930392844486,0
1325,3269.8252494774583,-0.3625976812395343,-0.1255161300554768,14.865560986068774,0
1326,1012.503989114286,-3.1412180503133396,10.504210769201881,14.959350411542149,0
1327,7822.196227900376,-0.9028440185470219,0.28831413360324154,14.908181106626706,0
1328,4081.4329528130384,-0.5915827673952305,-0.15379639788531652,14.88945113945443,0
1329,8306.050419733327,-0.8788162964787464,0.03757772598231801,14.879790441084948,0
1330,837.6094930013395,-0.6627155587886389,-0.45333123029343314,14.83597534572527,0
1331,1353.417801331373,-0.10973298869329026,-0.9759619188559427,14.902156391697671,0
1332,5865.718834776298,-0.8997664928130145,0.3495587423893962,14.877906929129505,0
1333,561.9854270672321,-1.1158099999336477,0.7792602211013158,14.89992328959503,0
1334,609.0481373599608,-2.735812467008523,7.3444693368307,14.960270806076814,0
1335,817.1375986940866,-3.8656711723209334,16.060814727261153,14.959783664693859,0
1336,8480.593469699163,-1.2059748094278422,0.6397325584670375,14.890164850441796,0
1337,4230.263473625567,-1.5983983947596003,2.3017789502994503,14.939641116428426,0
1338,4861.409963314777,-2.400290290986707,5.577215219950904,14.930947264347333,0
1339,3748.941367588862,-0.8026062029759915,0.19825598228102637,14.878897103784333,0
1340,1176.5835462349496,-0.7887161006196576,0.12629926841006345,14.868164863063873,0
1341,7105.092015125981,-1.1585157329838056,1.076202862586852,14.932660839713087,0
1342,4285.876920396201,-1.6673114353757548,2.674182514459395,14.930440810955833,0
1343,1326.8512965614204,-0.6352300019155338,-0.20218233608891767,14.862392016189196,0
1344,7119.255534568819,-1.9296666204210047,3.2111457424018974,14.914055261550754,0
1345,508.5736428153136,-0.9275563733850437,0.2847040511726431,14.901351859815042,0
1346,9024.32530243333,-1.1038365558273082,0.3856552097475241,14.888597352074918,0
1347,3388.3496951709494,-0.3265932581435765,-0.559867393427417,14.844381310686579,0
1348,1005.332905270114,-0.6010956708231212,-0.24690535210436293,14.839227660966271,0
1349,3944.0880154488905,-1.3246716461120926,2.041045107235906,14.887310401475439,0
1350,6343.410258166482,-1.7000379639163792,2.41386158525728,14.902157052108155,0
1351,10113.066798736527,-0.8948672243887177,-0.3122746113518411,14.855187660802226,0
1352,5857.59961371986,-0.8642215395967353,-0.1400938376812948,14.878404133718892,0
1353,286.47687940167935,-0.40460980602289875,-0.4214516534725039,14.82853423189055,0
1354,6897.689578426947,-2.063333418880208,4.105232775098882,14.914914241072609,0
1355,6197.390506004684,-1.3110065968940599,1.449277067001538,14.907255135841563,0
1356,6843.472054584779,-0.89380789478857,0.14423953211599505,14.904103003642765,0
1357,4076.9551394280193,-0.5600290735261889,-0.5419939427667129,14.89129032347485,0
1358,9279.91619960862,-1.2768953478876464,0.5652923911323335,14.890138768747118,0
1359,8537.569089871708,-1.2885127438406025,1.0725958621272058,14.895110970039697,0
1360,3504.080485204786,-1.734496812938046,3.2116560248601322,14.889957126274844,0
1361,10180.053330904664,-1.2608694555440825,0.5866024063108606,14.881594292119962,0
1362,3144.433759882673,-1.629791470777554,3.0961443436189757,14.891810227324122,0
1363,2993.1669231048636,-1.3294680260353122,2.158954660982636,14.946780670764486,0
1364,7097.44447208203,-1.7062200247817179,2.2248732086279466,14.914129040688795,0
1365,497.3048762005276,-0.9491542162046464,0.28290814739962933,14.902331650674604,0
1366,10587.649183058353,-0.9431167073876148,-0.3114408599049705,14.851033887254065,0
1367,5693.9975135309505,-1.1072916090192495,0.9369369605334024,14.939836317069618,0
1368,4921.549796924949,-1.2035811171160022,1.7276575985096203,14.935319644242151,0
1369,5518.662415515412,-0.693810043486476,0.04503481246930807,14.879629162355213,0
1370,659.5211868881389,-0.7279030472042298,-0.4873586799198364,14.832083649598214,0
1371,480.7061367590471,-0.4698438507114076,-0.5330620964807493,14.840885193917321,0
1372,7176.143228855941,-1.9127847685171933,3.5984990855707863,14.911411069769695,0
1373,3107.2296271223277,-2.8341798233742317,9.358846183179116,14.953564919135896,0
1374,1148.6171749346433,-0.697654968681845,0.015616793086943748,14.914479459102592,0
1375,1994.182184982087,-0.2543968525890069,-0.4678331790075494,14.916699862764629,0
1376,9194.636984959538,-1.2016037691086257,0.34638303506734847,14.883670476781237,0
1377,2572.6344592478017,-0.379836286084111,-0.29333857999813606,14.911387983731885,0
1378,4946.054793652814,-1.1101065551464995,1.0440351456859895,14.939714612892843,0
1379,403.3380377282122,-1.213196942719372,1.9012821348303017,14.91787932034621,0
1380,5548.289626856427,-1.07714036763111,0.8728945448687759,14.880039789238054,0
1381,542.1998503968312,-1.188459969488838,1.0715268654804078,14.902238387021583,0
1382,4839.8004507424375,-1.1544228493623667,1.272905794893271,14.940007883929672,0
1383,2896.6896807567596,-1.1083409329236455,1.3475018454759047,14.895128416524322,0
1384,9684.811384359482,-1.6273026892902245,1.9555231513069176,14.890333140180553,0
1385,6537.926370806477,-1.2669481351209144,1.276206530806177,14.896985782181124,0
1386,4955.368124948426,-1.1635249219635624,0.6236400989492119,14.889582038782049,0
1387,3061.641715430002,-2.2332986523636285,5.259856310980666,14.938705419356298,0
1388,1139.2427519821601,-0.7034798582038742,0.15756562514730144,14.916587824423285,0
1389,2866.412845149207,-0.7907367748439732,0.38680259316323173,14.899886839503669,0
1390,387.37780883806994,-1.2175337583285397,1.9647138938592894,14.919706635114268,0
1391,2588.3656110399247,-0.550096730693848,-0.24290804812772082,14.883084223662406,0
1392,4610.1449745961,-0.48434483134256684,0.2100831294108123,14.947804145254711,0
1393,3849.682407177768,-1.497870721967882,3.0863457476910945,14.939990175465637,0
1394,7476.883323718808,-1.4316643649375798,1.3468303580715686,14.892606569118943,0
1395,5327.532078563305,-1.5623987917806064,2.117045522914032,14.91147779039164,0
1396,2685.893011498918,-0.6542871362629746,-0.2235695489231686,14.883518023062265,0
1397,6986.800341174319,-1.0786981173432575,0.892578886011052,14.9330847383192,0
1398,419.5949481067088,-0.3193137889391183,-0.7204577158256695,14.807095427852262,0
1399,361.9843293264653,-0.2125738791493673,-0.6332761800227371,14.804515981209864,0
1400,1100.744110960247,-2.759919496625229,7.924604924527806,14.959152826588378,0
1401,8971.814602886167,-1.3118999991103697,1.049899545043174,14.886622010591843,0
1402,7829.081624763811,-1.2054049690201225,0.8705709697265638,14.930497162393342,0
1403,5932.413267401125,-2.239818342087699,4.575384846006342,14.912485660780657,0
1404,3084.5992760479508,-2.18402496170085,5.105609339420758,14.939044399239066,0
1405,2214.317119892868,0.1424790900765712,-0.9036130900067678,14.914973265747587,0
1406,7855.794850073104,-1.9080316253211096,2.9783804038948674,14.908703376444663,0
1407,3262.73458203341,-2.1430792243709953,5.616407844628009,14.944677779410158,0
1408,9498.012230518052,-1.4985434048072892,1.376587058618866,14.89502402234166,0
1409,2800.7486106992296,-0.45471142025243594,-0.39740347159716416,14.917933484187136,0
1410,7376.172606741526,-1.950324846040982,3.1618061182043347,14.825965320435909,0
1411,1098.2656074553202,-0.5107115901085467,-0.5271904326349546,14.84375885554071,0
1412,2661.37273881844,-1.3908639716277291,2.1621695332896014,14.926338350660169,0
1413,10251.191072452539,-1.22070570456464,0.47906182933672925,14.878484330113073,0
1414,6745.095906864679,-1.338113143369994,1.123000739862353,14.887501909842559,0
1415,4422.35608488639,-0.7063112904163186,-0.19214688713324657,14.888563903284806,0
1416,5699.42549145902,-1.3289501698445447,1.789715248884681,14.904041538736449,0
1417,4487.432365979329,-1.6269575294675225,2.6142284159558864,14.9366458030279,0
1418,2188.6852012974978,-0.03267079817244587,-0.7011360210049054,14.915885555049723,0
1419,2274.8206138895043,-0.9946562940587071,0.4186550109081293,14.918518956387961,0
1420,458.58945619487605,-1.0465682737013413,0.9097288226052971,14.907558128178495,0
1421,6487.050130323245,-1.0125907446893634,0.8212295751459879,14.940523447713996,0
1422,5222.055636717141,-0.6350892138493415,0.04050679927342049,14.881657805233994,0
1423,9109.318811062034,-0.5521046498705136,-0.5406030272938,14.871943892445163,0
1424,7039.606725009866,-1.3373901412670006,1.0876505843777808,14.90726788764242,0
1425,7491.623268915261,-1.6819696230137438,2.084224650243754,14.89730765472094,0
1426,4992.273382946198,-1.1786583629855254,0.8219268513102138,14.940996887425683,0
1427,8111.119647503357,-1.450251919755434,1.181346923110092,14.908242020278994,0
1428,8617.915773642988,-1.1577544406158873,0.805438885476891,14.884918859283275,0
1429,4768.6505366334695,-1.7460775002330229,2.7724940634174766,14.915398202734965,0
1430,4212.553584331221,-1.1228220981533847,0.7986957551281457,14.940028239056552,0
1431,11672.168929055937,-1.1170058483611398,0.19741764462190003,14.85652194670355,0
1432,1034.8204927731206,-3.115895477451725,10.376046147383558,14.959297205847369,0
1433,746.6116087042096,-0.6654061352269482,-0.15090149294984423,14.866226227749975,0
1434,5656.401822804075,-1.4466591871204135,1.9383887110943414,14.908674594217306,0
1435,7307.190796385006,-1.6125078432602515,1.9032398164528637,14.899231395176754,0
1436,3374.5280334032786,-0.5192466993575731,-0.3057595538001405,14.866260744420353,0
1437,4628.2299710470115,-0.7098680456607754,-0.19652954444122095,14.885285069415387,0
1438,4412.149644267335,-0.6755512692666426,-0.06431193021571868,14.887213007925094,0
1439,7993.228746538716,-1.4012248618244176,1.2585123690522781,14.870961176042016,0
1440,2863.8641727810505,-0.06855141303212987,-0.7075279293488923,14.896311481251306,0
1441,6069.764432954025,-1.2611403489514494,1.0436320109618125,14.902107878206834,0
1442,7054.275660364135,-1.240589142788214,1.3274777323986244,14.898536968386665,0
1443,5104.340512063339,-1.1522333434749634,0.9743918623277104,14.878990387628711,0
1444,8036.508427511038,-2.026986349777118,3.5259858425672297,14.909659344441563,0
1445,4537.941813719758,-2.4001877551915483,5.877703275584793,14.93326128136763,0
1446,7145.825130422133,-1.66738011232375,2.3484876172227995,14.912339856431212,0
1447,2348.837945449416,-0.20675741878952106,-0.718567472596654,14.912870773993522,0
1448,3646.8068644688806,-1.6651320288508922,2.297815641820547,14.93616088486803,0
1449,271.24890061104026,0.009262577760206205,-0.8294253922574479,14.790667001663364,0
1450,4759.469807422345,-1.1445048197322054,1.25757120477188,14.940426391626765,0
1451,4422.029378566192,-0.9445475156358284,0.11601415921348401,14.89021251423043,0
1452,1121.0479208123072,0.010432363377493174,-0.5934707582462826,14.83137385706641,0
1453,2181.775621646189,-0.583443996469885,-0.44602832473603327,14.920098140645424,0
1454,2128.701652109115,-0.427684802559172,-0.6164599664399568,14.91639483623999,0
1455,3608.5739248300697,-0.7587810579930014,-0.025558328664273766,14.885138600263675,0
1456,7097.182435582192,-1.6196519040738802,2.1138240780854263,14.909762212759862,0
1457,5235.578082002069,-0.4826600651369184,-0.38041864926266156,14.881492710638328,0
1458,7332.644219131053,-1.2704564436800447,1.1015535532013638,14.932687527755863,0
1459,3091.1356973933925,-2.211132484819413,5.154339610829059,14.93877192044322,0
1460,1946.8217096249664,-0.41505461838292473,-0.6041531140157703,14.91880536363049,0
1461,3067.4349069627515,-0.4660721322791978,-0.23647460927306074,14.878011639379242,0
1462,2065.8912920585567,-0.3179315780784893,-0.23847897438736876,14.915691585077052,0
1463,3196.834259152892,-2.265417201350997,6.620917314609422,14.937577550493565,0
1464,447.68420982442933,-0.22188196935099908,-0.9842428586845515,14.749679353096994,0
1465,2924.626688223467,-0.21875532328074648,-0.8136283170317897,14.905429979991874,0
1466,3613.552082552094,-0.4820621576409963,-0.28018374581379346,14.85216408925149,0
1467,3296.3344391758565,-1.3077480843254847,1.947681908524518,14.890010640083144,0
1468,2888.2054221366884,-2.933372572959686,10.054229125272887,14.954197329121659,0
1469,4278.739397027291,-0.8778772024569254,0.18474256821478585,14.88894232947818,0
1470,4346.324056847876,-0.6596255401559427,-0.07532486043704001,14.887604343940087,0
1471,3710.00503397138,-1.0016874609659907,1.502089701759207,14.948995144192502,0
1472,5895.723552716022,-1.2878987133528235,0.9888973473088121,14.901305976785398,0
1473,1391.1284428114004,-0.06561586278315312,-1.0522212961052368,14.9012501027119,0
1474,2744.119930737672,-0.710224466979541,-0.2920232605588948,14.871590511174423,0
1475,6422.8849276400515,-0.8512943912675761,0.03807786076473452,14.872774833206675,0
1476,7471.940944042287,-1.502390485210392,1.494269987439731,14.901523909311072,0
1477,5378.881312614272,-1.9968514574050418,3.530476215906523,14.928324359290178,0
1478,5879.937236504251,-0.6654572174745342,-0.17184685619949835,14.875636902651056,0
1479,439.26053901325275,-1.2498662282268216,1.6968226404154025,14.910495971169258,0
1480,881.3368855277348,-1.7156511866303046,3.680424597216213,14.931334504674862,0
1481,4758.896640260103,-0.8589050776850444,0.038822018688843496,14.936711651502469,0
1482,5932.2801941245925,-1.4006270503600429,1.5392690191175422,14.904021742955662,0
1483,290.329623558606,-0.13039586993277588,-0.6957066810723052,14.78283974935853,0
1484,7049.029239744377,-0.7340423167019614,-0.12511155032388244,14.93798989649527,0
1485,7670.375572712341,-0.8864863943927864,0.2537492804748931,14.908168737989612,0
1486,6140.882404157583,-1.0012447942892975,0.4258006271642598,14.943150317513501,0
1487,1147.499702424834,-0.676929692418281,-0.04020084298281468,14.913740824167903,0
1488,8123.165027197774,-1.615154435391722,2.208568723676424,14.904749739872827,0
1489,5689.807749483244,-1.1810752501509447,1.5570960536845444,14.912614824020261,0
1490,5223.050475091579,-2.044472417559648,4.175188240423594,14.928416039252198,0
1491,9607.289046815651,-0.8869372256082002,-0.023569164128832476,14.861451934153857,0
1492,8530.84722950762,-1.6571142569970327,2.361851808978966,14.899283360080648,0
1493,7077.35075611341,-1.0485779708535798,0.8248806940938249,14.904772514624167,0
1494,976.9105696529685,-0.9076386288338862,0.7595812417517309,14.926501570462989,0
1495,8256.623196790832,-1.4185089033033862,1.1381169143779948,14.901387690932006,0
1496,8441.349406686668,-1.3535831760787393,1.186132297104277,14.891753821511086,0
1497,3937.633308375675,-1.5188078640921674,3.2732379705106656,14.938717691810066,0
1498,6713.873230726781,-1.738862496436964,2.5127427818012524,14.918260159189941,0
1499,1016.0842326485904,-3.00997041601304,9.45367795204602,14.95934675752968,0
1500,8293.388781741922,-1.5630175194577514,2.3188950281048406,14.904268389670564,0
1501,8390.5508622152,-0.9997113763060906,0.445859855326721,14.880289176212674,0
1502,8813.90961251253,-1.3839750760374085,1.2802604210023887,14.90084969897974,0
1503,7394.518852951404,-0.9643693342751517,0.3897020941413456,14.932113599953977,0
1504,8168.6918252474925,-1.550766665217884,2.097855539075675,14.90442622681693,0
1505,6051.397095166068,-1.102925020706015,0.47064573537193155,14.867545385384936,0
1506,1211.9213520540895,-0.303400298395769,-0.8026941351737453,14.909315257334836,0
1507,6955.674737372663,-1.35254272417786,1.2926176405817174,14.89427314825907,0
1508,4640.283995970735,-1.5425514403908736,2.036949919033974,14.936331866120447,0
1509,783.5691420290153,-0.44136539778625933,-0.5091185663026576,14.838402294203618,0
1510,10424.613729388782,-0.787780476619456,-0.2517708372772556,14.847287406997527,0
1511,4564.788259357159,-2.26418263122509,5.191523825493093,14.933378030832671,0
1512,1702.2978988870864,-1.505818430968784,3.076889201015283,14.957483058106078,0
1513,3476.858584765992,-1.2112225887295103,1.1716868700853817,14.890919048437508,0
1514,2153.537660597089,-0.32134821446118167,-0.30330154654167796,14.91478075471864,0
1515,479.3867126332594,-0.3401512958991273,-0.8834274375460076,14.780994391991067,0
1516,1034.71084393495,-0.47553254601630934,-0.7031983723982131,14.828817971328599,0
1517,307.03033699314955,-0.5064145457828386,0.40360318415290886,14.911271121561416,0
1518,4267.316070802828,-1.6776544215844793,2.6943668355808956,14.93054760961359,0
1519,8179.571787245572,-0.8960841397600937,0.010835972353025802,14.890463409901198,0
1520,2754.397707979459,-1.9472000634656064,4.132131727763545,14.948610392373611,0
1521,7411.399316096818,-1.322044064945467,1.3588389844327216,14.89927775591559,0
1522,6045.160379607395,-0.5620110989754913,-0.5288788311863848,14.878295469527997,0
1523,7420.23436574082,-1.3462021865780567,0.9123660804153322,14.88416253987112,0
1524,2576.2678930107472,-0.3274187026580687,-0.37903826147164876,14.911871411436193,0
1525,7274.25900961261,-1.0629158167852137,0.25345335032573635,14.888929528645175,0
1526,500.9663572509615,-0.27566736799589575,-0.7871160414138241,14.810391462572868,0
1527,7626.415306427388,-1.1991030371107123,0.708802549637821,14.88633336655709,0
1528,2344.1791145404018,-0.9569616023005227,0.33537854563186276,14.916959771397893,0
1529,6698.806574465352,-1.8269012403671467,2.8773351245380097,14.914728794324647,0
1530,6655.329423416176,-1.2071721870361192,1.0014674508353103,14.89240620212356,0
1531,4877.744013472248,-1.1493075844964729,1.230560915176281,14.939816640876671,0
1532,3792.899769438043,-1.0464515466649928,1.914655764406465,14.948529782702362,0
1533,2100.433671753511,-0.725014376011441,0.02264871812169522,14.920126326302002,0
1534,4984.87224015714,-1.125732817134809,1.0852555943464228,14.939194201027625,0
1535,8173.338758485648,-1.2609724447515642,1.2472185417185786,14.904311692646793,0
1536,1077.103475215387,-0.6165134733877128,-0.25805147004045814,14.85174919462226,0
1537,8650.370179403877,-1.2024951050908872,0.806900311994184,14.902964270373367,0
1538,9418.313590134521,-1.6794055611695902,2.193102291393785,14.892228168956613,0
1539,5857.616444584867,-1.8472316714920067,3.462954331111077,14.918995644137476,0
1540,1072.4987283100281,-2.8680019834249544,8.347554027084234,14.959222117143819,0
1541,3021.009300924528,-2.07598982132117,4.71362748206961,14.947106617494834,0
1542,1959.1512256429971,-0.41639820702049657,-0.5231614731139764,14.920800436143807,0
1543,4840.514987377179,-1.3645113508218847,2.3749978887383154,14.92085125279846,0
1544,2987.13976710305,-2.393123594502943,6.666032994333758,14.952524047053396,0
1545,653.9209742578281,-4.184643670012553,19.046102210983722,14.960152409619283,0
1546,6613.203780301087,-2.236865876331298,4.6826259958878715,14.919803165290707,0
1547,2821.051430352969,-0.45981606765559907,-0.3780728393604518,14.917343747724168,0
1548,363.5946843838689,-0.3333900514346597,-0.8071086460357821,14.853430215203547,0
1549,250.07843708418028,-0.2488790906578969,-0.621796856306116,14.81678502141677,0
1550,5076.429564286634,-2.3025593096588803,5.918900401233028,14.93067611361231,0
1551,6070.428458589665,-1.9823544676991582,3.519406962686288,14.921979043911774,0
1552,446.4428981161864,-0.33450681248260467,-0.9617939106897873,14.797853055459981,0
1553,3911.1146960552032,-1.4455346425550233,2.6006599820651397,14.916295470938968,0
1554,300.6433363178557,-0.11211082407497937,-1.1625929128814179,14.741283216987082,0
1555,3897.8894834608277,-1.7978865757319598,2.9536949768974825,14.939527453903157,0
1556,1430.982334247649,-1.5082087029500977,2.8045940731676335,14.929625826179814,0
1557,285.3105002093066,-0.4951222645334997,-0.4163724870108285,14.83563446859139,0
1558,5822.445753172952,-1.338542756419246,1.6023321972728093,14.90313441062318,0
1559,1103.5048412029794,-2.9085986475809795,8.988094001520247,14.959141685286074,0
1560,1083.7199932576502,-0.9131362078915158,0.6733606941530978,14.886962560469781,0
1561,4321.852829751746,-1.1456016158220028,0.8434634770750757,14.939154714118462,0
1562,1728.7522493402168,-1.4374267135669945,2.902840055539129,14.957411010884565,0
1563,2026.7224894377352,-0.31054729469751524,-0.37129188864262286,14.916691970443834,0
1564,10036.938149318823,-1.3276239128820428,0.8343162842310461,14.875964792929139,0
1565,7078.786203513219,-0.984011188639735,0.5144346526454995,14.933282208113404,0
1566,3823.1198954239767,-1.0811398725490802,0.5512686023141455,14.892751930964328,0
1567,6140.382273076365,-0.7718695164486287,0.20329016089552487,14.930176210144726,0
1568,856.2015962505374,-4.342694864402423,20.340969882994035,14.959680726348138,0
1569,305.178818253983,-0.523831362436137,0.4783458079434322,14.910570674812869,0
1570,8031.416770030501,-1.584932013319081,1.8143032187014576,14.905722189535517,0
1571,9115.735786457875,-1.3998906375093747,1.4232994791799642,14.897778041472861,0
1572,4401.769082669646,-2.1119335380260122,4.817992527030319,14.928176557665703,0
1573,7407.251707516709,-1.1626704389137894,0.6947299700554561,14.885115677175635,0
1574,709.5671307095218,-3.016150557293349,9.928816793745126,14.960041281859944,0
1575,1233.3609743991951,-0.8877047176132606,0.26941080111475957,14.882277049578764,0
1576,4197.255479323041,-1.2290757150091898,1.0058217495597157,14.939477889086195,0
1577,4185.73891781041,-1.1735140455478672,0.84884010149608,14.939618549091,0
1578,8483.526107985073,-1.4575368749654034,1.7519228134862708,14.905656476987103,0
1579,260.8369287541647,-0.3031540597828168,-0.5525630937415507,14.777302236230803,0
1580,4048.2365036745923,-0.46165753778933083,-0.6394722514251931,14.858164598170394,0
1581,377.4602149277025,-1.2294230920128553,1.9520160092852938,14.921201095022239,0
1582,7251.359751512689,-1.273629498643209,1.0209006051785803,14.888004569875852,0
1583,5197.163388467078,-1.333869399799692,1.4994895898105653,14.925128858158942,0
1584,2411.72248600092,-2.7341124737315092,9.649495691262407,14.955425037265371,0
1585,4162.7704740855515,-1.8628235269381948,4.513634074217584,14.942995871460537,0
1586,3990.014018863329,-2.1367573581276,5.9795266864021706,14.949286835106006,0
1587,7616.316748200165,-1.5219340068701737,2.1878739075592675,14.904630100306726,0
1588,1104.2212357524434,-0.3942735340690374,-0.6312481496312685,14.825551940251378,0
1589,3371.8761263539177,-1.4071287052449377,2.2601242232310765,14.928340529672901,0
1590,5776.474186359875,-0.9567610168974292,0.12868105035181854,14.867186982069986,0
1591,3966.9011767706534,-2.018610721628158,4.803992010341513,14.923857164343636,0
1592,6299.881859882203,-1.802805439631791,2.7392633746744384,14.904282286869465,0
1593,3664.375459371047,-1.112030636661714,2.1562144095357088,14.949035491704304,0
1594,3370.9200765782743,-0.31763952503314036,-0.6341461528345849,14.844680256110218,0
1595,6569.2396992088925,-2.3354659398931825,5.226791431601207,14.918984126802957,0
1596,2115.4418654542487,-0.6821116291924629,-0.13529221419959558,14.91870647557739,0
1597,9417.029233230463,-0.8964704620555524,0.16161248764331448,14.87822755410308,0
1598,3084.2756317055864,-1.3682221543743152,2.5418427553134704,14.95337817769257,0
1599,4002.0193744498492,-1.189927927048541,1.393540283449263,14.885973816403641,0
1600,994.2162232746214,-0.9454983919364395,0.5241290819089213,14.892240001528972,0
1601,6395.952896827054,-2.1098531468254373,4.1142321115075005,14.918270675429609,0
1602,4658.005060624454,-0.4799827826088921,-0.8638885039361628,14.808289885851641,0
1603,2321.7248271109506,-0.8371905086257363,0.5155607935563902,14.900294034605896,0
1604,956.3667264075734,-0.5821090082710104,-0.47211983012693093,14.851826333021469,0
1605,7514.698883091517,-1.711757432084674,2.366194871924205,14.900111176447268,0
1606,7329.46866354115,-1.3318394855603206,0.7555558553511124,14.912344187866388,0
1607,1065.4634808232165,-2.831259423512405,8.526351626836968,14.959231548855229,0
1608,1790.7231823726343,-2.341570715878181,6.891459187112035,14.957228807612747,0
1609,5189.89084130321,-1.9650030051072322,3.7065717969096985,14.927411267375062,0
1610,468.7952420281501,-0.9885802203094213,0.6803835448095743,14.906224390145752,0
1611,1975.2113157607773,-0.17337042101186564,-0.30948991506291446,14.918023227749567,0
1612,4105.308119169951,-2.016282214415204,4.696169538570878,14.935805534690294,0
1613,8325.048966117647,-1.866089065795076,2.82422412297164,14.907652777344323,0
1614,7339.249983154812,-1.3058425272207925,1.278520526452584,14.904632485423399,0
1615,8248.485302815483,-1.450450710713114,1.5845285052957871,14.890340099093091,0
1616,3000.4621710635297,-0.07725632308305608,-1.0028455807751757,14.912347807079092,0
1617,466.8900535359528,-0.3721258479805527,-0.7891153615438213,14.823557224185071,0
1618,3400.8522283135494,-2.9642135337125937,9.654198125147497,14.9396956024323,0
1619,1044.785544805816,-3.183730405916758,10.73038103104088,14.959274831041046,0
1620,7635.211119242008,-1.2472596804313065,1.0180045258925814,14.931311293050257,0
1621,990.8449463252573,-2.9780675174683795,9.43513931457485,14.959404352800442,0
1622,5904.6640650454365,-0.7027939108309128,-0.24186943817370254,14.878077229645099,0
1623,8147.76632998757,-1.737104601814465,2.416474560485283,14.896197197644955,0
1624,9646.977367934678,-1.283235946265814,0.7298602307927977,14.882882570460556,0
1625,4405.170358290796,-0.779036173993562,0.1065446352936692,14.888154778311057,0
1626,1365.7048932814541,-0.29333054659193464,-0.7158306803275916,14.820687434331534,0
1627,7601.280140182199,-1.0147615001883943,0.41927490740565077,14.931468347315166,0
1628,4910.787136334228,-1.1564208841634034,1.1948339217011412,14.93979267612571,0
1629,3206.351175728422,-2.119694516191105,5.477187007349377,14.945145434135789,0
1630,1053.0989292252914,-2.659584338468737,7.5806778305885665,14.959262470689612,0
1631,502.4325655991051,-0.9257625271258269,0.20550203999296013,14.901165309567224,0
1632,4008.3046708745987,-1.6811849076877838,3.4355688135036937,14.93953941996435,0
1633,4191.86290178277,-1.086760338242121,0.9815586432301262,14.937392181752074,0
1634,3127.2470815800575,-1.3929096874134652,2.6164651594681088,14.95328326134777,0
1635,5776.059017088289,-1.2484118724954956,1.4993649406287473,14.901779920308664,0
1636,4403.439476313928,-1.2744567327600458,1.3985424147540453,14.934408045517126,0
1637,1032.4877533946508,-0.9508932668929647,0.4830195510788662,14.880212795968168,0
1638,1310.8749997685795,-0.2179890367601793,-0.8046706231838114,14.907315760164398,0
1639,4854.705980127189,-1.1104686323819273,1.0988214703422088,14.939912269971547,0
1640,8207.700929521912,-1.5965874556225856,1.7423854102638083,14.900635071854907,0
1641,7220.553530863252,-1.9494961369871304,3.2171578073063385,14.913993194221357,0
1642,3691.5286272801764,-0.43714558619136507,-0.3199997066007527,14.852194344441182,0
1643,760.0967068012568,-0.6387533286141501,-0.21206283197545117,14.883853541252142,0
1644,2943.856595802555,-2.127532711276722,5.005377379699851,14.947438200210234,0
1645,6518.200995533077,-1.5143304991546134,1.6432410750634965,14.896046245011833,0
1646,385.4213602299836,-1.1762832999397679,1.6588274693978624,14.919793414324317,0
1647,6413.2021617100545,-0.9691412197345988,0.6533268276493116,14.941207381911877,0
1648,3892.10336135907,-0.7210257046805304,-0.23540454192550708,14.861727878799694,0
1649,3379.6875006497085,-1.181620226919882,1.1540929561159494,14.891410951526755,0
1650,9257.406514128628,-1.3253095594704414,1.1200763016356534,14.879801839444372,0
1651,6828.567258051374,-1.0976357808676154,0.9570494608133799,14.93394885701641,0
1652,681.1670225732572,-0.8548198928038476,0.008667874623168093,14.895440491255352,0
1653,7083.263902137927,-1.054823175413996,0.5588293940731623,14.895082371352935,0
1654,7561.228532641643,-1.033434402775786,0.3904544741982834,14.883489498241271,0
1655,2432.984298719692,-1.450102219998683,3.210284580222061,14.95535287661638,0
1656,1194.516183427428,-0.7325582215170177,0.1454320599666925,14.91332224574548,0
1657,2999.7780630240463,-0.018826953097246787,-1.039595542980784,14.910539153700078,0
1658,5620.078724689965,-0.5923953660756232,-0.2865348931912388,14.87806261046727,0
1659,6188.85267647628,-0.5849046760795368,-0.5208512275540169,14.877468219825865,0
1660,3461.735786121386,-0.15552907232795646,-0.7135522858286811,14.820640721938053,0
1661,362.2100987639714,-0.17880284646633712,-0.7600344417813223,14.79753981768228,0
1662,2963.275958555332,-2.378977599681059,6.621705933938948,14.952567462229897,0
1663,7695.783037081894,-0.9955489260542459,0.599080391804693,14.903348965902248,0
1664,9205.011147416386,-0.9566455992095051,0.3243101336437255,14.896366985746992,0
1665,3665.5061091276602,-1.0469166464620867,1.9477042029398675,14.948987327678864,0
1666,3866.224335237522,-1.857530589253476,3.833718847351487,14.940777550058586,0
1667,7188.970656799128,-1.6722998463553216,2.6091329212097936,14.912654840768136,0
1668,4585.609026797896,-2.170095257422548,5.147969773167848,14.932915889163722,0
1669,2182.3163887030955,-0.29678916575955777,-0.29443109426152425,14.91356387628469,0
1670,5189.351541142236,-1.7126016168295097,3.10356301558409,14.924415695263463,0
1671,4711.566530841108,-2.1349646184550277,5.345733691074669,14.924145046627414,0
1672,4925.3881149475465,-0.96806154607525,0.2928672722658372,14.940698001567878,0
1673,10402.194613613323,-0.8309336482621554,-0.2709808992610081,14.886719496425497,0
1674,3288.5318438484337,-2.1870355938494543,4.995835557063523,14.938184044415792,0
1675,4023.3244082849747,-1.4564981554868777,2.820857572008318,14.939007799880013,0
1676,1906.1287110301091,-0.42673108550077893,-0.5917858990734288,14.91919035635129,0
1677,5016.5063728199775,-0.9216505558401029,-0.09669672988540956,14.88388740258207,0
1678,360.1325881016039,-0.3380466092058959,-0.7209663792541496,14.830685254340574,0
1679,2150.660372940692,-3.5978000902314644,14.29402170148283,14.95640083795329,0
1680,3529.7474114287884,-1.271234614883659,1.3076707896368962,14.891603729033429,0
1681,4429.594738679439,-1.4020923680208461,2.7718489086965885,14.942463152994934,0
1682,8459.26690766966,-1.4139291656300883,1.041062926534047,14.891160045148917,0
1683,892.8303517895256,-1.1136825411188933,1.2474283505707735,14.895985195989558,0
1684,4339.577561912491,-1.2927112029515881,1.45678576824207,14.934883209819613,0
1685,5587.38104369206,-0.8863454810012182,0.30296060202262876,14.939915162428331,0
1686,4068.473165971144,-1.7695845478511572,4.219204486632065,14.92481759685704,0
1687,6638.2517084078145,-2.1674292119219345,4.253282552887906,14.917865461936668,0
1688,6065.669800184179,-1.7565761540170055,2.9853369101456027,14.917491243399216,0
1689,506.89378249474845,-1.0017213716362363,0.419987993486147,14.900790366798033,0
1690,7591.39545187261,-1.224216676062384,0.9630674944519884,14.931423314068697,0
1691,1041.5063518222555,-3.0673403692485026,10.166349414615658,14.95928255474788,0
1692,2001.3851125732765,-0.22312612179620228,-0.276757030944323,14.917942011712908,0
1693,4545.736018666953,-0.832780934116183,-0.1491653850671235,14.886865988395058,0
1694,5183.793757038876,-1.613638555603023,2.402358120817639,14.9120929251245,0
1695,3295.6597939118237,-2.198147043963891,5.045936029823038,14.93789842874211,0
1696,8127.089534673893,-1.1975987380364996,0.7988963506206472,14.897404130766724,0
1697,2368.5233002097393,-2.7921893437466703,9.819263652392898,14.955553828239015,0
1698,5873.1651599005745,-1.171008367902551,0.9100090226829058,14.891012205263145,0
1699,1241.4872197545699,-0.4970491536360226,-0.7307021406111587,14.834437454135077,0
1700,4401.394003234059,-0.8749389685306274,0.23976245296510168,14.944478330966819,0
1701,712.8230709818038,-1.0816647076760422,0.725864617604699,14.890532551820469,0
1702,822.0054051724761,-0.649610159146683,-0.5631147187491119,14.833624224247341,0
1703,3152.301211230239,-0.7009319689979295,0.4986107680531635,14.896997678315442,0
1704,2807.2824671245294,-0.4267130659212824,-0.45185031551054466,14.918814996477533,0
1705,3140.3306177584204,-0.7541922494031208,1.1736551302907676,14.950881054031585,0
1706,3859.993899857108,-0.8868339942860883,0.5575315062744668,14.887867169425423,0
1707,5016.1459208541055,-0.6066881023509515,0.06747400580526319,14.88287615113658,0
1708,6990.491675534092,-1.6668305525070375,2.153406700596528,14.91554539405615,0
1709,2693.395097256457,-0.1969955268286937,-0.6055896752044134,14.901118547961037,0
1710,6784.407541385039,-1.8601786844519566,2.9503513462459923,14.91623383468048,0
1711,855.4861807863819,-4.044550900327645,17.651645764120403,14.959690433171401,0
1712,9833.897703212999,-1.475234980241394,1.4033346052920317,14.889725629685072,0
1713,3340.3882429427617,-0.5312969936555457,-0.29731385114758613,14.849221168508608,0
1714,5540.040054087105,-0.5253694636617489,-0.4120505940998882,14.878847397875099,0
1715,7822.038507982139,-1.3561025837747473,1.155920875856789,14.893291569017755,0
1716,5294.469045511306,-1.2709578979577205,1.3414274664418446,14.923885465163433,0
1717,6660.482027300199,-1.5816790452225504,2.2991949111973335,14.91501855569405,0
1718,472.15650991438923,-1.1218343407056859,1.2054981310854975,14.907025505042803,0
1719,5124.077575015338,-1.6055475149303342,2.513718077059208,14.908362664649667,0
1720,4715.217926745613,-1.1243659443977465,1.2779117701825982,14.940163467805034,0
1721,513.5693876320819,-0.9597463030339287,0.2961168605497422,14.900735237753386,0
1722,430.6564023421406,-0.14180264834738193,-0.86484695043004,14.783406996833973,0
1723,7358.169506774065,-1.2080641973577186,0.6751308463771797,14.884101611089367,0
1724,224.17962141057527,-0.3433586849639134,-0.6612896790872549,14.804127884951779,0
1725,412.53934266702396,-0.615082026646945,-0.49568470922373153,14.90162061705084,0
1726,7367.105791245536,-1.6474120081781558,2.3226734031851626,14.908442802834898,0
1727,5065.665946464764,-1.4853741860893679,2.6961816463033594,14.919383938820829,0
1728,5846.370736928879,-1.6068305100678004,2.254400289460599,14.908126048410871,0
1729,2706.4189172228803,-0.010944799996455735,-0.6507458803220225,14.898266041629508,0
1730,1150.4160188789972,-2.909341714973598,8.98975805205464,14.95903120231276,0
1731,792.1737209734976,-0.2688233339943023,-0.4115066907025038,14.930082391181859,0
1732,7165.348390592946,-2.065721450532638,3.7159078294344656,14.913915505472653,0
1733,4328.366039542267,-1.0661504419843286,0.8590590048806939,14.9372780706553,0
1734,6245.6693330966145,-1.3817987372709009,1.4860938355137883,14.90129976523054,0
1735,5156.0008872083445,-0.5690427409294412,-0.2081997312977757,14.882613493053357,0
1736,2100.7513810885607,-0.3534626072252949,-0.2699078613648851,14.915327326648868,0
1737,4963.659615597635,-1.9923201557893286,4.239853009188199,14.921252346295626,0
1738,1009.7149389622144,-0.8183306134730923,0.3501674628666711,14.883733713685126,0
1739,8021.156330776001,-1.4196628514175658,1.3664876096905267,14.897177606207133,0
1740,7564.826507660593,-1.5554858005012786,1.534236216069969,14.890040894693769,0
1741,4216.659969605613,-2.2879551453520777,5.769240398754048,14.92543554607141,0
1742,1120.2379556934397,-0.33678506311128875,-0.8564073569762725,14.818464037503533,0
1743,4810.90616513338,-0.8755409378698281,-0.010093968106547724,14.884746331258885,0
1744,7817.4613209042245,-1.1098257848458821,0.6027446927576099,14.930524755136403,0
1745,8255.37254521693,-1.447754780533027,1.2130728640881703,14.898931931727734,0
1746,849.8897321533487,-0.16311910676174007,-0.5628709122461113,14.831531171021442,0
1747,2894.2324376207707,-0.34685826872163494,-1.1714992897612335,14.911311389215108,0
1748,8307.142443233697,-1.265784196594013,0.8025517413281649,14.888726649210378,0
1749,550.6804406802928,-1.8344789120824245,4.042506393649755,14.929427890402748,0
1750,1086.7804448189756,-0.5881609850882368,-0.6099239786110626,14.819178707024085,0
1751,721.1419824831274,-3.3526753409854106,11.688200647386408,14.960012010739751,0
1752,3430.1208003446663,-1.077375766997915,0.682243603207414,14.894958578559288,0
1753,2942.8389575659744,-0.8596052806532808,0.7840878029396565,14.894477648358034,0
1754,5110.654860628717,-1.0373107527313652,0.8331671803195335,14.946033775538494,0
1755,1010.7249839188415,-0.29670629827227346,-0.6915492730660806,14.835709122357748,0
1756,7274.224769928576,-1.3241500900479402,1.3193067927665467,14.895654376222586,0
1757,9495.191545314341,-1.1427899956461192,0.7043298078383766,14.886243229259819,0
1758,1877.7031127703003,-0.3463946543473436,-0.42223482027033343,14.918062197327407,0
1759,2890.928342770904,-1.6849330146233157,3.021427008402444,14.947320328745883,0
1760,3456.0997742057066,-1.0011156763667668,1.732155250185687,14.949821271891643,0
1761,5241.733387775564,-2.3967716966566943,6.068918392135208,14.928634655137115,0
1762,2621.845337285939,-1.429246456210882,2.361155242545622,14.92701596085636,0
1763,4185.218121059337,-0.9569757647071809,0.6435693130313123,14.887520560330024,0
1764,4373.441897184333,-2.344681101976176,5.5413329863318825,14.933620632169507,0
1765,9077.33597882141,-1.4077588819965765,1.1525592355140946,14.883862884199997,0
1766,3000.2768420553734,-0.5952182534116994,-0.2590309927406347,14.914025883804428,0
1767,11103.189882590725,-0.9655928215782872,-0.044085579401563546,14.863766047592327,0
1768,4822.43957343656,-1.4797597025548073,2.5553643463416265,14.914066906600507,0
1769,2375.613862970948,-0.25776262189365085,-0.6779655020047599,14.912474040978987,0
1770,504.56243729402553,-1.0377230970072209,0.5282012614098948,14.90089091750165,0
1771,5278.028038228461,-1.1110047081508254,0.7716487773473695,14.938627574596746,0
1772,5104.397388930207,-1.2006015499024179,1.3873105165565462,14.901566902348454,0
1773,7680.2700406508775,-1.022012732135032,0.40409527363126063,14.931068816901858,0
1774,6864.716439301303,-0.9888644921616574,0.7099580048351868,14.902919053054498,0
1775,938.7994012159904,-0.33203246202793363,-0.39705537020565673,14.855878302663593,0
1776,7270.260187674061,-1.668352326257008,2.374895425047397,14.901955463561013,0
1777,4035.140295622452,-1.434804571942541,1.7312273636961981,14.940422998445058,0
1778,316.53403250130725,-0.6126665165905452,-0.392623816332502,14.830902243928998,0
1779,6447.801268632641,-1.7960829598409822,3.4554939193215963,14.915045372059664,0
1780,6770.497200848273,-0.6161257309962237,-0.577183863347758,14.939330322736115,0
1781,7691.081688747737,-1.0945737048584792,0.7914794930125457,14.930574667962409,0
1782,7440.883129533556,-1.299625048146384,1.250035726460216,14.931958441319203,0
1783,7926.82522622216,-1.578888146381028,1.5247347309334147,14.90106403017022,0
1784,10664.977789249877,-0.7763324359167901,-0.6533329328409505,14.8525502830869,0
1785,227.58467399810365,-0.36465143583192683,-0.5725968591891499,14.826707103974444,0
1786,1264.6533544016052,-0.2801734633696484,-0.6246108714084149,14.813965905957556,0
1787,7574.719159747122,-1.4762067728498698,1.2755480351567723,14.887677533344203,0
1788,2160.6415435326044,-0.5152034540823351,-0.5021117502110708,14.919273148881873,0
1789,6694.470666032482,-0.5796932114231125,-0.5151363407557557,14.870105960515069,0
1790,518.7884263413473,-0.9292072844441693,0.25455846862458964,14.900696819170834,0
1791,2349.820486417314,-0.6486310599276618,0.13567372180087878,14.889470393182467,0
1792,6594.334120059484,-2.0143121785668794,3.5262269650088394,14.912734452570556,0
1793,1057.7941288864745,-3.0131423198041802,9.517939853103451,14.959248811521649,0
1794,4086.604046016522,-2.561037828138286,6.762195832524627,14.93602154473771,0
1795,5076.862726918115,-1.1230600464226979,1.155255998007564,14.901249579595358,0
1796,284.7988386758547,-0.44383714873924945,-0.5015949867619152,14.834043161166901,0
1797,4596.793896392819,-0.721379542040495,0.7788595831734129,14.947797056250199,0
1798,2652.7839567779047,-0.7673760566410088,0.029113524706919858,14.891187800726646,0
1799,2257.3372966682014,-1.8124493398214967,4.7027911795142625,14.95011838483481,0
1800,415.488545531073,-0.39513440540544026,-0.7570005140279519,14.835042730728771,0
1801,4219.552146354358,-2.115913109481254,5.541050105897096,14.946958522518841,0
1802,4717.801136124696,-0.9186843521438398,0.8819393501222068,14.885835494653897,0
1803,5202.229801338601,-0.8262665476140434,0.2520958663035513,14.881837950442302,0
1804,1798.9801529886608,-2.336500921583646,6.897170210292064,14.957205747619973,0
1805,505.64502204379255,-1.0266667249609178,0.5581985013912587,14.90096995466331,0
1806,4755.663275854266,-1.123478380707607,1.2850364182015266,14.939951787334794,0
1807,805.5458650810965,-0.6564007903893486,-0.4164859092542077,14.846978001303052,0
1808,7762.071751356269,-1.8613521843095233,2.781651023570924,14.909536254165577,0
1809,6858.19430643167,-0.5857115981031772,-0.7181199042941775,14.866933311462784,0
1810,290.7385962839852,-7.93989509521053,74.20189581861973,14.960929513909523,0
1811,7989.197341398313,-1.1434957285781842,0.30750743467619657,14.880241735364978,0
1812,6205.750058528997,-1.8069759866069817,3.3840033596017944,14.917261238107631,0
1813,1209.7102124490864,-2.819024356928018,8.306086809533348,14.958894598583091,0
1814,5121.743751264794,-0.6701590674771998,0.5636636432503668,14.945834440404829,0
1815,1330.6144491390935,-4.483894358059217,22.359688980775623,14.958508378940529,0
1816,3638.8378571535127,-0.6124690725259082,-0.18663763440468673,14.857995160209201,0
1817,4424.475681200685,-1.210574599078203,0.8153770944962133,14.938346338967305,0
1818,7151.1856329375805,-2.103295228538211,3.8624925098981304,14.91501186451709,0
1819,6636.63474152535,-1.0425199520227522,1.0482196228371228,14.902286393426863,0
1820,8826.755275656464,-0.9668654770444134,-0.15109326189259242,14.878468983264302,0
1821,2322.6947092671967,-0.9037861132842547,0.21560114895468852,14.916340034234052,0
1822,7762.744407089717,-1.080373416899292,0.726395934591566,14.930102949425617,0
1823,7755.691989428367,-1.6027771849226637,2.226559814192128,14.900698618747937,0
1824,5030.736914920422,-2.1453701586167178,4.740830398468948,14.926976300517866,0
1825,4760.410630808209,-0.7543972008991429,-0.4378820899852167,14.88565192703623,0
1826,8648.357986109664,-1.6518072746831214,1.9391239583345277,14.902216526876618,0
1827,3722.6480695311143,-1.0550366957199977,1.9685948312757153,14.948765643555344,0
1828,4000.1646651298392,-1.4156228147033993,1.5496252805283977,14.940940430024837,0
1829,699.652928544296,-0.7129335649547835,-0.16819547212434527,14.862826136227293,0
1830,7754.28071972179,-1.672282554249643,2.6004973043504007,14.907499174448809,0
1831,3353.4683567169304,-2.1555151355361057,5.542598085913486,14.944170384974214,0
1832,4991.857393169885,-0.7779647792301768,0.43998492816454204,14.883431390207766,0
1833,3034.488626835924,-1.5326503812341306,2.540081505254715,14.946261762589703,0
1834,4025.3286265934257,-1.8634496329007022,4.077370481701798,14.936733448157261,0
1835,3315.203971805486,-0.5905912998084989,-0.22358928020354618,14.875601330053625,0
1836,3259.7139461328075,-2.257716303485255,5.394640787701324,14.937984107521848,0
1837,1022.832772262853,-0.9879965876022746,0.9738492496057432,14.887516693984766,0
1838,3423.746852190359,-1.0903071244460747,0.6206566479429942,14.771484294829081,0
1839,3569.2757133788286,-2.0722503509186185,3.97423857431615,14.935938303773703,0
1840,2445.7108084541196,-0.4119899845666013,-0.09544318017783482,14.908049459650462,0
1841,11107.70848981635,-1.3090843983538676,0.4705932489091387,14.885538547634344,0
1842,7305.123447736732,-1.7289302364553187,2.0704660230554843,14.905488626060714,0
1843,3308.231294522895,-2.121568857373571,5.027866972581375,14.9440232982012,0
1844,7419.955840570132,-1.0927305675309447,0.8278683153817386,14.931857025317107,0
1845,4285.564514914914,-1.143849838617503,1.1509192019135828,14.936489621524375,0
1846,3904.4909811302828,-1.5777015652851898,3.4569266077824885,14.93945405412442,0
1847,4038.606741843456,-1.3943707002918362,1.4863898685528154,14.940341624592152,0
1848,4507.377492387649,-1.255600828978607,1.2501831440594149,14.936332220440264,0
1849,478.8264848190913,-1.0127817861035415,0.6515989402512958,14.904402567209685,0
1850,5641.259667311772,-1.1947290865613889,1.1194972045874891,14.920623676788287,0
1851,2577.3624218733057,-3.298250220947393,12.22430252116674,14.955177007956884,0
1852,4618.895628116885,-0.24728143396125757,-0.6467592466108112,14.839455164789983,0
1853,9033.577496357842,-1.113801725434963,0.6254027306731409,14.8962543236428,0
1854,9007.70116025014,-1.163657693163828,0.5007486795121863,14.886436817315817,0
1855,5507.284492878672,-0.9409404269002558,0.9281000375246324,14.879475982671988,0
1856,2625.7117844349764,-1.621710361979995,2.822533120505814,14.949791873446262,0
1857,2778.16516743411,-0.4836608574627171,-0.32416460987997464,14.9173612862618,0
1858,4672.580444763486,-1.1318658531044248,1.2117579935156089,14.94088655385758,0
